Variant,BestCost,MeanCost,Runtime
Full,5355.919828917087,5649.1749254193255,8.991200000000001
NoSeedMining,5483.13962591012,5784.151023772171,0.89937
NoPenalization,5344.743152153204,5808.912317865297,8.5789
NoOverlap,5333.507402867517,5704.141300420373,9.763200000000001
