Threads,BestCost,MeanCost,Runtime
1,4800.434888063351,5624.282701968634,24.8654
2,5432.187911281405,5801.901918049096,20.68046
4,5236.196225473344,5570.096865788491,13.12612
8,5325.465321235068,5681.438142728295,10.07906
